ID, Name, PhotoUrl
3589054,Kevin Gonzales,https://randomuser.me/api/portraits/men/82.jpg
583594999,Clara Gonzalez,https://randomuser.me/api/portraits/women/43.jpg
801842018,Ricardo Day,https://randomuser.me/api/portraits/men/94.jpg
725639665,Carter Fuller,https://randomuser.me/api/portraits/men/35.jpg
884928549,Carter Cunningham,https://randomuser.me/api/portraits/men/20.jpg
472669967,Paula Evans,https://randomuser.me/api/portraits/women/83.jpg
125226756,Kelly Price,https://randomuser.me/api/portraits/women/73.jpg
283564542,Tracy Steward,https://randomuser.me/api/portraits/women/81.jpg
62560287,Gerald Austin,https://randomuser.me/api/portraits/men/67.jpg
1608058,Clayton Bryant,https://randomuser.me/api/portraits/men/94.jpg
